{"root_pose": [0.24929256737232208, 0.24165381491184235, -1.2318801879882812], "hand_pose": [-0.05067506805062294, 0.0028148978017270565, -0.09253723919391632, 0.01945754699409008, 0.00268524675630033, -0.05479125678539276, 0.0023051572497934103, -0.006565341260284185, -0.061136048287153244, 0.05268734320998192, -0.06317306309938431, 0.02983088232576847, -0.052768319845199585, -0.04854022338986397, -0.15758229792118073, -0.03689650446176529, -0.007356973364949226, -0.1786784827709198, 0.3165017366409302, -0.05774282291531563, 0.2628251910209656, -0.4222014844417572, -0.12685129046440125, -0.15146073698997498, -0.003588535590097308, -0.11586389690637589, -0.3077431619167328, 0.09318473935127258, -0.041452936828136444, 0.23870038986206055, -0.07951178401708603, -0.04875224828720093, -0.31305259466171265, -0.043009065091609955, -0.019670328125357628, -0.23035892844200134, -0.12027101218700409, -0.05809955671429634, 0.03204229846596718, 0.12173324078321457, 0.15593700110912323, -0.033986788243055344, 0.053676407784223557, 0.2237059324979782, -0.19504201412200928], "shape": [-0.00685991533100605, -0.17621460556983948, -0.030913790687918663, -0.09455602616071701, 0.17072923481464386, 0.02994486317038536, -0.021120242774486542, 0.058129291981458664, -0.022959420457482338, 0.0339810848236084], "root_trans": [0.08308976143598557, -0.01392698660492897, -0.00782746821641922]}