{"root_pose": [0.24387626349925995, 0.23963770270347595, -1.2239326238632202], "hand_pose": [-0.05245335400104523, -0.008330846205353737, -0.09884072095155716, 0.018305262550711632, 0.003979654051363468, -0.024004090577363968, 8.806600817479193e-05, -0.00439533032476902, -0.03699643909931183, 0.047389764338731766, -0.0658184215426445, 0.02357708290219307, -0.05353105068206787, -0.04789349436759949, -0.14828652143478394, -0.037549152970314026, -0.008375460281968117, -0.17800161242485046, 0.3101271390914917, -0.06152509152889252, 0.2580912411212921, -0.4382496774196625, -0.13072332739830017, -0.16320525109767914, -0.00508436094969511, -0.12249905616044998, -0.32538917660713196, 0.08900903165340424, -0.04211350157856941, 0.234465092420578, -0.08478966355323792, -0.052119024097919464, -0.3288569152355194, -0.04394545778632164, -0.02177448384463787, -0.23940742015838623, -0.12275619059801102, -0.05608828365802765, 0.03407767042517662, 0.12123756855726242, 0.15748880803585052, -0.033348098397254944, 0.05378904193639755, 0.2250310778617859, -0.19390645623207092], "shape": [0.0028574317693710327, -0.18013109266757965, -0.02866239845752716, -0.09199298918247223, 0.17214734852313995, 0.030886303633451462, -0.01680154912173748, 0.061424508690834045, -0.02101522497832775, 0.034913379698991776], "root_trans": [0.08276334404945374, -0.015634944662451744, -0.00533343106508255]}