{"root_pose": [0.5746286511421204, 4.04840087890625, -0.9907374382019043], "hand_pose": [0.011747571639716625, -0.10553903132677078, -0.25534918904304504, -0.04899124056100845, -0.029754245653748512, -0.051680129021406174, 0.09399920701980591, 0.012673579156398773, 0.08641742169857025, -0.1666785180568695, -0.11179640144109726, 0.23997783660888672, 0.08910247683525085, -0.031400054693222046, -0.07877983897924423, 0.0459853932261467, 0.03835662454366684, -0.010659603402018547, -0.5559207201004028, -0.14218761026859283, 0.4404714107513428, 0.6751858592033386, -0.0699116587638855, -0.059400271624326706, -0.2856425940990448, -0.12462569773197174, -0.22033634781837463, -0.12006267160177231, -0.02524358592927456, 0.45963531732559204, 0.021938655525445938, -0.013792319223284721, -0.39631688594818115, -0.013191841542720795, -0.03860485181212425, 0.024250270798802376, 0.14872263371944427, -0.03304591402411461, -0.09074477851390839, -0.1398164927959442, 0.1345280408859253, 0.0755152553319931, 0.06294798851013184, -0.09078377485275269, -0.2601049542427063], "shape": [0.1266745924949646, -0.05981374904513359, -0.3574356734752655, -0.05832742899656296, 0.06948108971118927, 0.017821840941905975, -0.1618628203868866, -0.06398880481719971, 0.004446744453161955, -0.003279898315668106], "root_trans": [0, 0, 0]}