{"root_pose": [0.5699654817581177, 4.053043842315674, -0.9859558343887329], "hand_pose": [0.016163397580385208, -0.10013045370578766, -0.26393258571624756, -0.04847788065671921, -0.025091124698519707, -0.052825067192316055, 0.08919882029294968, 0.01422152854502201, 0.0868498831987381, -0.16785743832588196, -0.1114659458398819, 0.2293839454650879, 0.08740319311618805, -0.031129011884331703, -0.06461575627326965, 0.045868903398513794, 0.0394618846476078, -0.01227500382810831, -0.5560607314109802, -0.1466711312532425, 0.4362097680568695, 0.6726973056793213, -0.07198556512594223, -0.055931802839040756, -0.2872433364391327, -0.1263306438922882, -0.2214757800102234, -0.12583675980567932, -0.029716894030570984, 0.45494216680526733, 0.022574476897716522, -0.014779317192733288, -0.3886052668094635, -0.014014659449458122, -0.036525558680295944, 0.023472564294934273, 0.1776815503835678, -0.0416361503303051, -0.06670212000608444, -0.15223237872123718, 0.1605691760778427, 0.05716762691736221, 0.0634671002626419, -0.07230159640312195, -0.2597409188747406], "shape": [0.12672322988510132, -0.05684101581573486, -0.3617132306098938, -0.057498350739479065, 0.06887981295585632, 0.008075812831521034, -0.1623723804950714, -0.06856715679168701, 0.004873121622949839, -0.005303084850311279], "root_trans": [0, 0, 0]}