{"root_pose": [0.26323390007019043, 0.27757638692855835, -1.236671805381775], "hand_pose": [-0.05745497718453407, 0.07596318423748016, 0.005633766762912273, 0.00018320823437534273, 0.001778775593265891, -0.0369284488260746, 0.03238679841160774, -0.013040008023381233, -0.1473640501499176, 0.0408363863825798, -0.005433740094304085, 0.08072870969772339, -0.04171139374375343, -0.05211840197443962, -0.1437162607908249, -0.03700857236981392, 0.0035929216537624598, -0.1586146056652069, 0.38247087597846985, -0.058896418660879135, 0.36715346574783325, -0.36369046568870544, -0.07711061090230942, -0.07933032512664795, 0.05200735852122307, -0.11389079689979553, -0.2743007242679596, 0.1274232119321823, -0.004764010664075613, 0.2614113390445709, -0.052380550652742386, -0.04178347438573837, -0.18954119086265564, -0.038063354790210724, -0.0022838066797703505, -0.15496982634067535, -0.15462295711040497, -0.10247661918401718, 0.011822100728750229, 0.13352207839488983, 0.18435056507587433, -0.0904347375035286, 0.05623796954751015, 0.26668956875801086, -0.13817086815834045], "shape": [-0.008965658955276012, -0.215117409825325, -0.07114634662866592, -0.059441398829221725, 0.10172362625598907, 0.017368357628583908, -0.030345741659402847, 0.035878986120224, -0.01633676141500473, 0.04474795237183571], "root_trans": [0.08011870086193085, -0.019845521077513695, -0.012491131201386452]}