{"root_pose": [0.6445529460906982, 4.090825080871582, -0.8976792693138123], "hand_pose": [0.013131974264979362, -0.15963122248649597, -0.15711690485477448, -0.006058022379875183, -0.018894756212830544, -0.0509396530687809, 0.019328465685248375, 0.03592142090201378, -0.03464776277542114, -0.19441677629947662, -0.09702273458242416, 0.32615387439727783, 0.1047578826546669, -0.04575373977422714, -0.14203482866287231, 0.04433579742908478, 0.03369602560997009, -0.1061389222741127, -0.5838381052017212, -0.04936175048351288, 0.4754975736141205, 0.6910483241081238, -0.10264863073825836, -0.0734536275267601, -0.3013351559638977, -0.162374347448349, -0.26694709062576294, -0.13121098279953003, 0.02325228601694107, 0.5360302925109863, 0.03665488585829735, -0.028778815641999245, -0.49797993898391724, -0.01921943947672844, -0.06145324185490608, -0.06217403709888458, 0.3138973116874695, -0.04874465614557266, 0.018840696662664413, -0.22163954377174377, 0.4188547134399414, 0.09312400966882706, 0.08447319269180298, 0.027706433087587357, -0.3087030351161957], "shape": [0.09714873880147934, -0.06163374334573746, -0.35958370566368103, 0.010973230004310608, 0.047297216951847076, -0.051802970468997955, -0.1659318506717682, -0.054250381886959076, 0.03154216706752777, -0.007314892485737801], "root_trans": [0, 0, 0]}