{"root_pose": [0.2142733782529831, 0.345544695854187, -1.2226884365081787], "hand_pose": [-0.060892391949892044, 0.03462526202201843, 0.04162496328353882, -0.02524060755968094, -0.006818292196840048, -0.04984051361680031, 0.025554727762937546, 0.014700181782245636, -0.15969006717205048, 0.06123662739992142, -0.056279998272657394, 0.13599708676338196, -0.06308058649301529, -0.05740179494023323, -0.18480390310287476, -0.05125142261385918, 0.0003320797986816615, -0.1643904149532318, 0.4360230267047882, -0.08384986966848373, 0.43485283851623535, -0.40999627113342285, -0.09825687855482101, -0.1282709240913391, 0.028076233342289925, -0.1286870390176773, -0.3314470052719116, 0.1436328887939453, -0.036812152713537216, 0.3217191994190216, -0.06414683908224106, -0.05016958713531494, -0.26287782192230225, -0.0449773408472538, -0.012191182933747768, -0.19273512065410614, -0.1827976107597351, -0.12618856132030487, 0.01329453568905592, 0.1489211916923523, 0.18401293456554413, -0.06502489000558853, 0.09063692390918732, 0.3037734627723694, -0.18516775965690613], "shape": [0.023657135665416718, -0.20390835404396057, -0.07999792695045471, -0.07646872103214264, 0.12444140017032623, 0.0014572085347026587, -0.010701659135520458, 0.05491625517606735, -0.03381287679076195, 0.04128919914364815], "root_trans": [0.08586608618497849, -0.003888038219884038, -0.011501850560307503]}