{"root_pose": [-0.21797725558280945, -1.8571486473083496, 0.45974189043045044], "hand_pose": [0.05926189571619034, -0.09300209581851959, -0.2507999539375305, -0.0681668296456337, -0.03446182236075401, -0.064897820353508, 0.07068261504173279, -0.014763694256544113, 0.06519438326358795, -0.10610102862119675, -0.0955498218536377, 0.10034668445587158, 0.06880474835634232, -0.046267520636320114, 0.0023387842811644077, 0.04696279764175415, 0.03561844676733017, -0.03426633030176163, -0.5427902936935425, -0.13379725813865662, 0.35563117265701294, 0.6289787292480469, -0.07174158841371536, -0.049280907958745956, -0.2902454435825348, -0.16709810495376587, -0.24597172439098358, -0.12608616054058075, -0.05801995471119881, 0.3458159267902374, 0.056857213377952576, -0.05077189952135086, -0.3653036952018738, 0.011844848282635212, -0.016431067138910294, -0.021192677319049835, 0.2915462255477905, -0.05322591960430145, 0.019398627802729607, -0.12859496474266052, 0.12261490523815155, -0.004120322410017252, 0.04857328161597252, -0.01117897778749466, -0.18191251158714294], "shape": [0.12281785160303116, -0.009860353544354439, -0.31170210242271423, -0.10530281811952591, 0.0608886256814003, -0.00932280346751213, -0.16444365680217743, -0.10492932796478271, -0.017413338646292686, -0.020151928067207336], "root_trans": [0, 0, 0]}